source_url,target_url,status_code,preserve_query_string
https://www.aprendoseo.com/reto,https://www.aprendoclub.com/programas/reto,301,true
https://aprendoseo.com/reto,https://www.aprendoclub.com/programas/reto,301,true
https://www.aprendoseo.com/curso-seo-con-ia/,https://www.aprendoclub.com/programas/taller-seo-con-ia,301,true
https://aprendoseo.com/curso-seo-con-ia/,https://www.aprendoclub.com/programas/taller-seo-con-ia,301,true
https://www.aprendoseo.com/diplomado,https://www.aprendoclub.com/programas/diplomado,301,true
https://aprendoseo.com/diplomado,https://www.aprendoclub.com/programas/diplomado,301,true
https://www.aprendoseo.com/seo-basico/chat-gpt-seo,https://www.aprendoclub.com/seo-basico/chat-gpt-seo,301,true
https://aprendoseo.com/seo-basico/chat-gpt-seo,https://www.aprendoclub.com/seo-basico/chat-gpt-seo,301,true
https://www.aprendoseo.com/seo-basico/como-aparecer-en-google,https://www.aprendoclub.com/seo-basico/como-aparecer-en-google,301,true
https://aprendoseo.com/seo-basico/como-aparecer-en-google,https://www.aprendoclub.com/seo-basico/como-aparecer-en-google,301,true
https://www.aprendoseo.com/seo-basico/como-aprender-seo-desde-cero,https://www.aprendoclub.com/seo-basico/como-aprender-seo-desde-cero,301,true
https://aprendoseo.com/seo-basico/como-aprender-seo-desde-cero,https://www.aprendoclub.com/seo-basico/como-aprender-seo-desde-cero,301,true
https://www.aprendoseo.com/aprender-seo/aprender-seo-desde-cero,https://www.aprendoclub.com/seo-basico/como-aprender-seo-desde-cero,301,true
https://aprendoseo.com/aprender-seo/aprender-seo-desde-cero,https://www.aprendoclub.com/seo-basico/como-aprender-seo-desde-cero,301,true
https://www.aprendoseo.com/seo-basico/como-conseguir-clientes-si-eres-consultor-seo,https://www.aprendoclub.com/seo-basico/como-conseguir-clientes-si-eres-consultor-seo,301,true
https://aprendoseo.com/seo-basico/como-conseguir-clientes-si-eres-consultor-seo,https://www.aprendoclub.com/seo-basico/como-conseguir-clientes-si-eres-consultor-seo,301,true
https://www.aprendoseo.com/seo-basico/como-construir-backlinks,https://www.aprendoclub.com/seo-basico/como-construir-backlinks,301,true
https://aprendoseo.com/seo-basico/como-construir-backlinks,https://www.aprendoclub.com/seo-basico/como-construir-backlinks,301,true
https://www.aprendoseo.com/seo-basico/como-funciona-el-seo-para-posicionar-tu-web,https://www.aprendoclub.com/seo-basico/como-funciona-el-seo-para-posicionar-tu-web,301,true
https://aprendoseo.com/seo-basico/como-funciona-el-seo-para-posicionar-tu-web,https://www.aprendoclub.com/seo-basico/como-funciona-el-seo-para-posicionar-tu-web,301,true
https://www.aprendoseo.com/seo-basico/como-hacer-seo-en-latinoamerica,https://www.aprendoclub.com/seo-basico/como-hacer-seo-en-latinoamerica,301,true
https://aprendoseo.com/seo-basico/como-hacer-seo-en-latinoamerica,https://www.aprendoclub.com/seo-basico/como-hacer-seo-en-latinoamerica,301,true
https://www.aprendoseo.com/seo-basico/como-pasar-de-seo-in-house-a-seo-freelancer,https://www.aprendoclub.com/seo-basico/como-pasar-de-seo-in-house-a-seo-freelancer,301,true
https://aprendoseo.com/seo-basico/como-pasar-de-seo-in-house-a-seo-freelancer,https://www.aprendoclub.com/seo-basico/como-pasar-de-seo-in-house-a-seo-freelancer,301,true
https://www.aprendoseo.com/seo-basico/como-posicionarse-en-google,https://www.aprendoclub.com/seo-basico/como-posicionarse-en-google,301,true
https://aprendoseo.com/seo-basico/como-posicionarse-en-google,https://www.aprendoclub.com/seo-basico/como-posicionarse-en-google,301,true
https://www.aprendoseo.com/seo-basico/como-vivir-del-seo,https://www.aprendoclub.com/seo-basico/como-vivir-del-seo,301,true
https://aprendoseo.com/seo-basico/como-vivir-del-seo,https://www.aprendoclub.com/seo-basico/como-vivir-del-seo,301,true
https://www.aprendoseo.com/seo-basico/consejos-seo,https://www.aprendoclub.com/seo-basico/consejos-seo,301,true
https://aprendoseo.com/seo-basico/consejos-seo,https://www.aprendoclub.com/seo-basico/consejos-seo,301,true
https://www.aprendoseo.com/seo-basico/contenido-seo,https://www.aprendoclub.com/seo-basico/contenido-seo,301,true
https://aprendoseo.com/seo-basico/contenido-seo,https://www.aprendoclub.com/seo-basico/contenido-seo,301,true
https://www.aprendoseo.com/seo-basico/diccionario-seo,https://www.aprendoclub.com/seo-basico/diccionario-seo,301,true
https://aprendoseo.com/seo-basico/diccionario-seo,https://www.aprendoclub.com/seo-basico/diccionario-seo,301,true
https://www.aprendoseo.com/seo-basico/elementos-de-una-pagina-web,https://www.aprendoclub.com/seo-basico/elementos-de-una-pagina-web,301,true
https://aprendoseo.com/seo-basico/elementos-de-una-pagina-web,https://www.aprendoclub.com/seo-basico/elementos-de-una-pagina-web,301,true
https://www.aprendoseo.com/seo-basico/errores-seo,https://www.aprendoclub.com/seo-basico/errores-seo,301,true
https://aprendoseo.com/seo-basico/errores-seo,https://www.aprendoclub.com/seo-basico/errores-seo,301,true
https://www.aprendoseo.com/seo-basico/estrategia-seo,https://www.aprendoclub.com/seo-basico/estrategia-seo,301,true
https://aprendoseo.com/seo-basico/estrategia-seo,https://www.aprendoclub.com/seo-basico/estrategia-seo,301,true
https://www.aprendoseo.com/seo-basico/factores-del-seo-on-page,https://www.aprendoclub.com/seo-basico/factores-del-seo-on-page,301,true
https://aprendoseo.com/seo-basico/factores-del-seo-on-page,https://www.aprendoclub.com/seo-basico/factores-del-seo-on-page,301,true
https://www.aprendoseo.com/seo-basico/formas-de-mejorar-el-seo,https://www.aprendoclub.com/seo-basico/formas-de-mejorar-el-seo,301,true
https://aprendoseo.com/seo-basico/formas-de-mejorar-el-seo,https://www.aprendoclub.com/seo-basico/formas-de-mejorar-el-seo,301,true
https://www.aprendoseo.com/seo-basico/geo-cambiando-el-seo,https://www.aprendoclub.com/seo-basico/geo-cambiando-el-seo,301,true
https://aprendoseo.com/seo-basico/geo-cambiando-el-seo,https://www.aprendoclub.com/seo-basico/geo-cambiando-el-seo,301,true
https://www.aprendoseo.com/seo-basico/intencion-de-busqueda-en-seo-que-es-y-como-funciona,https://www.aprendoclub.com/seo-basico/intencion-de-busqueda-en-seo-que-es-y-como-funciona,301,true
https://aprendoseo.com/seo-basico/intencion-de-busqueda-en-seo-que-es-y-como-funciona,https://www.aprendoclub.com/seo-basico/intencion-de-busqueda-en-seo-que-es-y-como-funciona,301,true
https://www.aprendoseo.com/seo-basico/marketing-digital,https://www.aprendoclub.com/seo-basico/marketing-digital,301,true
https://aprendoseo.com/seo-basico/marketing-digital,https://www.aprendoclub.com/seo-basico/marketing-digital,301,true
https://www.aprendoseo.com/seo-basico/metricas-seo,https://www.aprendoclub.com/seo-basico/metricas-seo,301,true
https://aprendoseo.com/seo-basico/metricas-seo,https://www.aprendoclub.com/seo-basico/metricas-seo,301,true
https://www.aprendoseo.com/seo-basico/motor-de-busqueda,https://www.aprendoclub.com/seo-basico/motor-de-busqueda,301,true
https://aprendoseo.com/seo-basico/motor-de-busqueda,https://www.aprendoclub.com/seo-basico/motor-de-busqueda,301,true
https://www.aprendoseo.com/seo-basico/palabras-clave,https://www.aprendoclub.com/seo-basico/palabras-clave,301,true
https://aprendoseo.com/seo-basico/palabras-clave,https://www.aprendoclub.com/seo-basico/palabras-clave,301,true
https://www.aprendoseo.com/seo-basico/que-es-eeat,https://www.aprendoclub.com/seo-basico/que-es-eeat,301,true
https://aprendoseo.com/seo-basico/que-es-eeat,https://www.aprendoclub.com/seo-basico/que-es-eeat,301,true
https://www.aprendoseo.com/seo-basico/que-es-la-redaccion-seo,https://www.aprendoclub.com/seo-basico/que-es-la-redaccion-seo,301,true
https://aprendoseo.com/seo-basico/que-es-la-redaccion-seo,https://www.aprendoclub.com/seo-basico/que-es-la-redaccion-seo,301,true
https://www.aprendoseo.com/seo-basico/que-es-seo,https://www.aprendoclub.com/seo-basico/que-es-seo,301,true
https://aprendoseo.com/seo-basico/que-es-seo,https://www.aprendoclub.com/seo-basico/que-es-seo,301,true
https://www.aprendoseo.com/seo-basico/que-es-una-url,https://www.aprendoclub.com/seo-basico/que-es-una-url,301,true
https://aprendoseo.com/seo-basico/que-es-una-url,https://www.aprendoclub.com/seo-basico/que-es-una-url,301,true
https://www.aprendoseo.com/seo-basico/que-son-las-palabras-clave-lsi,https://www.aprendoclub.com/seo-basico/que-son-las-palabras-clave-lsi,301,true
https://aprendoseo.com/seo-basico/que-son-las-palabras-clave-lsi,https://www.aprendoclub.com/seo-basico/que-son-las-palabras-clave-lsi,301,true
https://www.aprendoseo.com/seo-basico/seo-para-ecommerce,https://www.aprendoclub.com/seo-basico/seo-para-ecommerce,301,true
https://aprendoseo.com/seo-basico/seo-para-ecommerce,https://www.aprendoclub.com/seo-basico/seo-para-ecommerce,301,true
https://www.aprendoseo.com/seo-basico/seo-vs-sem,https://www.aprendoclub.com/seo-basico/seo-vs-sem,301,true
https://aprendoseo.com/seo-basico/seo-vs-sem,https://www.aprendoclub.com/seo-basico/seo-vs-sem,301,true
https://www.aprendoseo.com/seo-basico/serp-tipos-de-resultados-de-busqueda,https://www.aprendoclub.com/seo-basico/serp-tipos-de-resultados-de-busqueda,301,true
https://aprendoseo.com/seo-basico/serp-tipos-de-resultados-de-busqueda,https://www.aprendoclub.com/seo-basico/serp-tipos-de-resultados-de-busqueda,301,true
https://www.aprendoseo.com/seo-basico/titulo-seo,https://www.aprendoclub.com/seo-basico/titulo-seo,301,true
https://aprendoseo.com/seo-basico/titulo-seo,https://www.aprendoclub.com/seo-basico/titulo-seo,301,true
https://www.aprendoseo.com/empieza-en-seo/agencia-seo-vs-seo-freelanc,https://www.aprendoclub.com/empieza-en-seo/agencia-seo-vs-seo-freelanc,301,true
https://aprendoseo.com/empieza-en-seo/agencia-seo-vs-seo-freelanc,https://www.aprendoclub.com/empieza-en-seo/agencia-seo-vs-seo-freelanc,301,true
https://www.aprendoseo.com/empieza-en-seo/como-aprender-seo-en-mexico,https://www.aprendoclub.com/empieza-en-seo/como-aprender-seo-en-mexico,301,true
https://aprendoseo.com/empieza-en-seo/como-aprender-seo-en-mexico,https://www.aprendoclub.com/empieza-en-seo/como-aprender-seo-en-mexico,301,true
https://www.aprendoseo.com/empieza-en-seo/como-aprender-seo-sin-conocimientos-previos,https://www.aprendoclub.com/empieza-en-seo/como-aprender-seo-sin-conocimientos-previos,301,true
https://aprendoseo.com/empieza-en-seo/como-aprender-seo-sin-conocimientos-previos,https://www.aprendoclub.com/empieza-en-seo/como-aprender-seo-sin-conocimientos-previos,301,true
https://www.aprendoseo.com/empieza-en-seo/como-negociar-un-salario-en-seo,https://www.aprendoclub.com/empieza-en-seo/como-negociar-un-salario-en-seo,301,true
https://aprendoseo.com/empieza-en-seo/como-negociar-un-salario-en-seo,https://www.aprendoclub.com/empieza-en-seo/como-negociar-un-salario-en-seo,301,true
https://www.aprendoseo.com/empieza-en-seo/como-posicionar-mi-tienda-online-desde-cero,https://www.aprendoclub.com/empieza-en-seo/como-posicionar-mi-tienda-online-desde-cero,301,true
https://aprendoseo.com/empieza-en-seo/como-posicionar-mi-tienda-online-desde-cero,https://www.aprendoclub.com/empieza-en-seo/como-posicionar-mi-tienda-online-desde-cero,301,true
https://www.aprendoseo.com/empieza-en-seo/habilidades-para-ser-un-especialista-seo,https://www.aprendoclub.com/empieza-en-seo/habilidades-para-ser-un-especialista-seo,301,true
https://aprendoseo.com/empieza-en-seo/habilidades-para-ser-un-especialista-seo,https://www.aprendoclub.com/empieza-en-seo/habilidades-para-ser-un-especialista-seo,301,true
https://www.aprendoseo.com/empieza-en-seo/portafolio-seo,https://www.aprendoclub.com/empieza-en-seo/portafolio-seo,301,true
https://aprendoseo.com/empieza-en-seo/portafolio-seo,https://www.aprendoclub.com/empieza-en-seo/portafolio-seo,301,true
https://www.aprendoseo.com/empieza-en-seo/posicionamiento-web-en-google,https://www.aprendoclub.com/empieza-en-seo/posicionamiento-web-en-google,301,true
https://aprendoseo.com/empieza-en-seo/posicionamiento-web-en-google,https://www.aprendoclub.com/empieza-en-seo/posicionamiento-web-en-google,301,true
https://www.aprendoseo.com/empieza-en-seo/que-es-el-posicionamiento-web-seo,https://www.aprendoclub.com/empieza-en-seo/que-es-el-posicionamiento-web-seo,301,true
https://aprendoseo.com/empieza-en-seo/que-es-el-posicionamiento-web-seo,https://www.aprendoclub.com/empieza-en-seo/que-es-el-posicionamiento-web-seo,301,true
https://www.aprendoseo.com/empieza-en-seo/que-es-un-seo-manager,https://www.aprendoclub.com/empieza-en-seo/que-es-un-seo-manager,301,true
https://aprendoseo.com/empieza-en-seo/que-es-un-seo-manager,https://www.aprendoclub.com/empieza-en-seo/que-es-un-seo-manager,301,true
https://www.aprendoseo.com/empieza-en-seo/que-hace-un-especialista-seo,https://www.aprendoclub.com/empieza-en-seo/que-hace-un-especialista-seo,301,true
https://aprendoseo.com/empieza-en-seo/que-hace-un-especialista-seo,https://www.aprendoclub.com/empieza-en-seo/que-hace-un-especialista-seo,301,true
https://www.aprendoseo.com/empieza-en-seo/que-hay-que-estudiar-para-ser-seo,https://www.aprendoclub.com/empieza-en-seo/que-hay-que-estudiar-para-ser-seo,301,true
https://aprendoseo.com/empieza-en-seo/que-hay-que-estudiar-para-ser-seo,https://www.aprendoclub.com/empieza-en-seo/que-hay-que-estudiar-para-ser-seo,301,true
https://www.aprendoseo.com/empieza-en-seo/tecnicas-de-seo,https://www.aprendoclub.com/empieza-en-seo/tecnicas-de-seo,301,true
https://aprendoseo.com/empieza-en-seo/tecnicas-de-seo,https://www.aprendoclub.com/empieza-en-seo/tecnicas-de-seo,301,true
https://www.aprendoseo.com/empieza-en-seo/un-seo-necesita-saber-programar,https://www.aprendoclub.com/empieza-en-seo/un-seo-necesita-saber-programar,301,true
https://aprendoseo.com/empieza-en-seo/un-seo-necesita-saber-programar,https://www.aprendoclub.com/empieza-en-seo/un-seo-necesita-saber-programar,301,true
https://www.aprendoseo.com/seo-onpage/analisis-de-competidores,https://www.aprendoclub.com/seo-onpage/analisis-de-competidores,301,true
https://aprendoseo.com/seo-onpage/analisis-de-competidores,https://www.aprendoclub.com/seo-onpage/analisis-de-competidores,301,true
https://www.aprendoseo.com/seo-onpage/como-funciona-una-pagina-web,https://www.aprendoclub.com/seo-onpage/como-funciona-una-pagina-web,301,true
https://aprendoseo.com/seo-onpage/como-funciona-una-pagina-web,https://www.aprendoclub.com/seo-onpage/como-funciona-una-pagina-web,301,true
https://www.aprendoseo.com/seo-onpage/copywriting-seo,https://www.aprendoclub.com/seo-onpage/copywriting-seo,301,true
https://aprendoseo.com/seo-onpage/copywriting-seo,https://www.aprendoclub.com/seo-onpage/copywriting-seo,301,true
https://www.aprendoseo.com/seo-onpage/densidad-de-palabras-clave,https://www.aprendoclub.com/seo-onpage/densidad-de-palabras-clave,301,true
https://aprendoseo.com/seo-onpage/densidad-de-palabras-clave,https://www.aprendoclub.com/seo-onpage/densidad-de-palabras-clave,301,true
https://www.aprendoseo.com/seo-onpage/descubre-el-seo-on-page-que-es-y-para-que-sirve,https://www.aprendoclub.com/seo-onpage/descubre-el-seo-on-page-que-es-y-para-que-sirve,301,true
https://aprendoseo.com/seo-onpage/descubre-el-seo-on-page-que-es-y-para-que-sirve,https://www.aprendoclub.com/seo-onpage/descubre-el-seo-on-page-que-es-y-para-que-sirve,301,true
https://www.aprendoseo.com/seo-onpage/enlaces-internos-seo,https://www.aprendoclub.com/seo-onpage/enlaces-internos-seo,301,true
https://aprendoseo.com/seo-onpage/enlaces-internos-seo,https://www.aprendoclub.com/seo-onpage/enlaces-internos-seo,301,true
https://www.aprendoseo.com/seo-onpage/estrategias-de-linkbuilding,https://www.aprendoclub.com/seo-onpage/estrategias-de-linkbuilding,301,true
https://aprendoseo.com/seo-onpage/estrategias-de-linkbuilding,https://www.aprendoclub.com/seo-onpage/estrategias-de-linkbuilding,301,true
https://www.aprendoseo.com/seo-onpage/landing-page-estructura,https://www.aprendoclub.com/seo-onpage/landing-page-estructura,301,true
https://aprendoseo.com/seo-onpage/landing-page-estructura,https://www.aprendoclub.com/seo-onpage/landing-page-estructura,301,true
https://www.aprendoseo.com/seo-onpage/planificador-de-palabras-clave-seo,https://www.aprendoclub.com/seo-onpage/planificador-de-palabras-clave-seo,301,true
https://aprendoseo.com/seo-onpage/planificador-de-palabras-clave-seo,https://www.aprendoclub.com/seo-onpage/planificador-de-palabras-clave-seo,301,true
https://www.aprendoseo.com/seo-onpage/que-es-la-canibalizacion-de-las-palabras-clave,https://www.aprendoclub.com/seo-onpage/que-es-la-canibalizacion-de-las-palabras-clave,301,true
https://aprendoseo.com/seo-onpage/que-es-la-canibalizacion-de-las-palabras-clave,https://www.aprendoclub.com/seo-onpage/que-es-la-canibalizacion-de-las-palabras-clave,301,true
https://www.aprendoseo.com/seo-onpage/que-es-un-informe-seo-todo-lo-que-debes-saber,https://www.aprendoclub.com/seo-onpage/que-es-un-informe-seo-todo-lo-que-debes-saber,301,true
https://aprendoseo.com/seo-onpage/que-es-un-informe-seo-todo-lo-que-debes-saber,https://www.aprendoclub.com/seo-onpage/que-es-un-informe-seo-todo-lo-que-debes-saber,301,true
https://www.aprendoseo.com/seo-onpage/rich-snippets-seo,https://www.aprendoclub.com/seo-onpage/rich-snippets-seo,301,true
https://aprendoseo.com/seo-onpage/rich-snippets-seo,https://www.aprendoclub.com/seo-onpage/rich-snippets-seo,301,true
https://www.aprendoseo.com/herramientas-seo/como-ver-el-posicionamiento-de-su-sitio-web-en-google,https://www.aprendoclub.com/herramientas-seo/como-ver-el-posicionamiento-de-su-sitio-web-en-google,301,true
https://aprendoseo.com/herramientas-seo/como-ver-el-posicionamiento-de-su-sitio-web-en-google,https://www.aprendoclub.com/herramientas-seo/como-ver-el-posicionamiento-de-su-sitio-web-en-google,301,true
https://www.aprendoseo.com/herramientas-seo/getlinko,https://www.aprendoclub.com/herramientas-seo/getlinko,301,true
https://aprendoseo.com/herramientas-seo/getlinko,https://www.aprendoclub.com/herramientas-seo/getlinko,301,true
https://www.aprendoseo.com/herramientas-seo/herramientas-palabras-claves,https://www.aprendoclub.com/herramientas-seo/herramientas-palabras-claves,301,true
https://aprendoseo.com/herramientas-seo/herramientas-palabras-claves,https://www.aprendoclub.com/herramientas-seo/herramientas-palabras-claves,301,true
https://www.aprendoseo.com/herramientas-seo/mejores-herramientas-seo,https://www.aprendoclub.com/herramientas-seo/mejores-herramientas-seo,301,true
https://aprendoseo.com/herramientas-seo/mejores-herramientas-seo,https://www.aprendoclub.com/herramientas-seo/mejores-herramientas-seo,301,true
https://www.aprendoseo.com/autor/arianna-lupi,https://www.aprendoclub.com/autor/arianna-lupi,301,true
https://aprendoseo.com/autor/arianna-lupi,https://www.aprendoclub.com/autor/arianna-lupi,301,true
https://www.aprendoseo.com/certificaciones,https://www.aprendoclub.com/autor/arianna-lupi,301,true
https://aprendoseo.com/certificaciones,https://www.aprendoclub.com/autor/arianna-lupi,301,true
https://www.aprendoseo.com/autor/diana-rodriguez,https://www.aprendoclub.com/autor/diana-rodriguez,301,true
https://aprendoseo.com/autor/diana-rodriguez,https://www.aprendoclub.com/autor/diana-rodriguez,301,true
https://www.aprendoseo.com/autor/juan-angulo,https://www.aprendoclub.com/autor/juan-angulo,301,true
https://aprendoseo.com/autor/juan-angulo,https://www.aprendoclub.com/autor/juan-angulo,301,true
https://www.aprendoseo.com/seo-tecnico,https://www.aprendoclub.com/seo-tecnico,301,true
https://aprendoseo.com/seo-tecnico,https://www.aprendoclub.com/seo-tecnico,301,true
https://www.aprendoseo.com/seo-tecnico/que-es,https://www.aprendoclub.com/seo-tecnico/que-es,301,true
https://aprendoseo.com/seo-tecnico/que-es,https://www.aprendoclub.com/seo-tecnico/que-es,301,true
https://www.aprendoseo.com/diplomado/herramientas,https://www.aprendoclub.com/herramientas-seo,301,true
https://aprendoseo.com/diplomado/herramientas,https://www.aprendoclub.com/herramientas-seo,301,true
https://www.aprendoseo.com/herramientas-seo,https://www.aprendoclub.com/herramientas-seo,301,true
https://aprendoseo.com/herramientas-seo,https://www.aprendoclub.com/herramientas-seo,301,true
https://www.aprendoseo.com/links,https://www.aprendoclub.com/links,301,true
https://aprendoseo.com/links,https://www.aprendoclub.com/links,301,true
https://www.aprendoseo.com/comunidad/testimonios,https://www.aprendoclub.com/testimonios,301,true
https://aprendoseo.com/comunidad/testimonios,https://www.aprendoclub.com/testimonios,301,true
https://www.aprendoseo.com/seo-basico/,https://www.aprendoclub.com/seo-basico,301,true
https://aprendoseo.com/seo-basico/,https://www.aprendoclub.com/seo-basico,301,true
https://www.aprendoseo.com/seo-onpage/,https://www.aprendoclub.com/seo-onpage,301,true
https://aprendoseo.com/seo-onpage/,https://www.aprendoclub.com/seo-onpage,301,true
https://www.aprendoseo.com/aprende,https://www.aprendoclub.com/blog,301,true
https://aprendoseo.com/aprende,https://www.aprendoclub.com/blog,301,true
https://www.aprendoseo.com/academia-seo,https://www.aprendoclub.com/quienes-somos,301,true
https://aprendoseo.com/academia-seo,https://www.aprendoclub.com/quienes-somos,301,true
https://www.aprendoseo.com/cursos-seo/curso-seo-alicante,https://www.aprendoclub.com/cursos-seo/alicante,301,true
https://aprendoseo.com/cursos-seo/curso-seo-alicante,https://www.aprendoclub.com/cursos-seo/alicante,301,true
https://www.aprendoseo.com/cursos-seo/curso-seo-bilbao,https://www.aprendoclub.com/cursos-seo/bilbao,301,true
https://aprendoseo.com/cursos-seo/curso-seo-bilbao,https://www.aprendoclub.com/cursos-seo/bilbao,301,true
https://www.aprendoseo.com/cursos-seo/curso-seo-caracas,https://www.aprendoclub.com/cursos-seo/caracas,301,true
https://aprendoseo.com/cursos-seo/curso-seo-caracas,https://www.aprendoclub.com/cursos-seo/caracas,301,true
https://www.aprendoseo.com/cursos-seo/curso-seo-cdmx,https://www.aprendoclub.com/cursos-seo/cdmx,301,true
https://aprendoseo.com/cursos-seo/curso-seo-cdmx,https://www.aprendoclub.com/cursos-seo/cdmx,301,true
https://www.aprendoseo.com/cursos-seo/curso-seo-guadalajara,https://www.aprendoclub.com/cursos-seo/guadalajara,301,true
https://aprendoseo.com/cursos-seo/curso-seo-guadalajara,https://www.aprendoclub.com/cursos-seo/guadalajara,301,true
https://www.aprendoseo.com/cursos-seo/curso-seo-malaga,https://www.aprendoclub.com/cursos-seo/malaga,301,true
https://aprendoseo.com/cursos-seo/curso-seo-malaga,https://www.aprendoclub.com/cursos-seo/malaga,301,true
https://www.aprendoseo.com/cursos-seo/curso-seo-maracaibo,https://www.aprendoclub.com/cursos-seo/maracaibo,301,true
https://aprendoseo.com/cursos-seo/curso-seo-maracaibo,https://www.aprendoclub.com/cursos-seo/maracaibo,301,true
https://www.aprendoseo.com/cursos-seo/curso-seo-puebla,https://www.aprendoclub.com/cursos-seo/puebla,301,true
https://aprendoseo.com/cursos-seo/curso-seo-puebla,https://www.aprendoclub.com/cursos-seo/puebla,301,true
https://www.aprendoseo.com/cursos-seo/curso-seo-toledo,https://www.aprendoclub.com/cursos-seo/toledo,301,true
https://aprendoseo.com/cursos-seo/curso-seo-toledo,https://www.aprendoclub.com/cursos-seo/toledo,301,true
https://www.aprendoseo.com/cursos-seo/curso-seo-valencia,https://www.aprendoclub.com/cursos-seo/valencia,301,true
https://aprendoseo.com/cursos-seo/curso-seo-valencia,https://www.aprendoclub.com/cursos-seo/valencia,301,true
https://www.aprendoseo.com/curso-seo-con-ia,https://www.aprendoclub.com/programas/taller-seo-con-ia,301,true
https://aprendoseo.com/curso-seo-con-ia,https://www.aprendoclub.com/programas/taller-seo-con-ia,301,true
https://www.aprendoseo.com/seo-basico,https://www.aprendoclub.com/seo-basico,301,true
https://aprendoseo.com/seo-basico,https://www.aprendoclub.com/seo-basico,301,true
https://www.aprendoseo.com/seo-onpage,https://www.aprendoclub.com/seo-onpage,301,true
https://aprendoseo.com/seo-onpage,https://www.aprendoclub.com/seo-onpage,301,true
https://www.aprendoseo.com/curso-seo-rdss,https://www.aprendoclub.com/programas/curso-seo-rdss,301,true
https://aprendoseo.com/curso-seo-rdss,https://www.aprendoclub.com/programas/curso-seo-rdss,301,true
https://www.aprendoseo.com/curso-basico-de-seo,https://www.aprendoclub.com/programas/curso-basico-de-seo,301,true
https://aprendoseo.com/curso-basico-de-seo,https://www.aprendoclub.com/programas/curso-basico-de-seo,301,true
